<?xml version="1.0" encoding="UTF-8"?>
<project-private xmlns="http://www.netbeans.org/ns/project-private/1">
    <editor-bookmarks xmlns="http://www.netbeans.org/ns/editor-bookmarks/2" lastBookmarkId="0"/>
    <open-files xmlns="http://www.netbeans.org/ns/projectui-open-files/2">
        <group>
            <file>file:/C:/Users/apaco_000/Documents/NetBeansProjects/PHP/php_pdo/tdphp_bdd/function_td.inc.php</file>
            <file>file:/C:/Users/apaco_000/Documents/NetBeansProjects/PHP/php_pdo/tdphp_bdd/form_ville_cp.html</file>
            <file>file:/C:/Users/apaco_000/Documents/NetBeansProjects/PHP/php_pdo/tdphp_bdd/villes_par_departement.php</file>
            <file>file:/C:/Users/apaco_000/Documents/NetBeansProjects/PHP/php_pdo/tdphp_bdd/traitement_code_postal.php</file>
        </group>
    </open-files>
</project-private>
